{
  "answer_score": 0.801980198019802,
  "precision_idx_score": 0.7085219236209335,
  "recall_idx_score": 0.7307755775577558,
  "f1_idx_score": 0.6957277046385958,
  "final_score": 0.7594792006673194,
  "agv_time": 32.681251333929346,
  "details": [
    [
      1.0,
      0.75,
      1.0,
      0.8571428571428571,
      0.9428571428571428
    ],
    [
      1.0,
      1.0,
      1.0,
      1.0,
      1.0
    ],
    [
      1.0,
      1.0,
      1.0,
      1.0,
      1.0
    ],
    [
      1.0,
      1.0,
      1.0,
      1.0,
      1.0
    ],
    [
      1.0,
      0.0,
      0.0,
      0.0,
      0.6
    ],
    [
      0.0,
      0.0,
      0.0,
      0.0,
      0.0
    ],
    [
      1.0,
      1.0,
      1.0,
      1.0,
      1.0
    ],
    [
      1.0,
      0.5,
      0.5,
      0.5,
      0.8
    ],
    [
      0.0,
      0.0,
      0.0,
      0.0,
      0.0
    ],
    [
      0.0,
      0.42857142857142855,
      1.0,
      0.6,
      0.24
    ],
    [
      1.0,
      1.0,
      1.0,
      1.0,
      1.0
    ],
    [
      1.0,
      0.5,
      0.5,
      0.5,
      0.8
    ],
    [
      1.0,
      0.0,
      0.0,
      0.0,
      0.6
    ],
    [
      0.0,
      0.0,
      0.0,
      0.0,
      0.0
    ],
    [
      1.0,
      1.0,
      0.75,
      0.8571428571428571,
      0.9428571428571428
    ],
    [
      1.0,
      1.0,
      1.0,
      1.0,
      1.0
    ],
    [
      1.0,
      1.0,
      1.0,
      1.0,
      1.0
    ],
    [
      1.0,
      1.0,
      0.5,
      0.6666666666666666,
      0.8666666666666667
    ],
    [
      0.0,
      1.0,
      1.0,
      1.0,
      0.4
    ],
    [
      1.0,
      1.0,
      1.0,
      1.0,
      1.0
    ],
    [
      0.0,
      1.0,
      1.0,
      1.0,
      0.4
    ],
    [
      1.0,
      1.0,
      1.0,
      1.0,
      1.0
    ],
    [
      1.0,
      1.0,
      1.0,
      1.0,
      1.0
    ],
    [
      0.0,
      1.0,
      1.0,
      1.0,
      0.4
    ],
    [
      1.0,
      1.0,
      1.0,
      1.0,
      1.0
    ],
    [
      1.0,
      0.2,
      0.5,
      0.2857142857142857,
      0.7142857142857143
    ],
    [
      1.0,
      1.0,
      1.0,
      1.0,
      1.0
    ],
    [
      1.0,
      0.6666666666666666,
      0.6666666666666666,
      0.6666666666666666,
      0.8666666666666667
    ],
    [
      0.0,
      0.6666666666666666,
      0.8,
      0.7272727272727273,
      0.29090909090909095
    ],
    [
      0.0,
      0.0,
      0.0,
      0.0,
      0.0
    ],
    [
      1.0,
      1.0,
      1.0,
      1.0,
      1.0
    ],
    [
      1.0,
      1.0,
      1.0,
      1.0,
      1.0
    ],
    [
      1.0,
      1.0,
      0.5,
      0.6666666666666666,
      0.8666666666666667
    ],
    [
      1.0,
      0.0,
      0.0,
      0.0,
      0.6
    ],
    [
      1.0,
      0.5,
      0.5,
      0.5,
      0.8
    ],
    [
      1.0,
      1.0,
      1.0,
      1.0,
      1.0
    ],
    [
      1.0,
      1.0,
      1.0,
      1.0,
      1.0
    ],
    [
      1.0,
      0.0,
      0.0,
      0.0,
      0.6
    ],
    [
      1.0,
      0.6,
      1.0,
      0.75,
      0.9
    ],
    [
      1.0,
      1.0,
      1.0,
      1.0,
      1.0
    ],
    [
      1.0,
      1.0,
      0.3333333333333333,
      0.5,
      0.8
    ],
    [
      1.0,
      1.0,
      0.5,
      0.6666666666666666,
      0.8666666666666667
    ],
    [
      1.0,
      0.75,
      1.0,
      0.8571428571428571,
      0.9428571428571428
    ],
    [
      1.0,
      1.0,
      0.6666666666666666,
      0.8,
      0.92
    ],
    [
      1.0,
      1.0,
      0.75,
      0.8571428571428571,
      0.9428571428571428
    ],
    [
      1.0,
      1.0,
      1.0,
      1.0,
      1.0
    ],
    [
      0.0,
      1.0,
      1.0,
      1.0,
      0.4
    ],
    [
      0.0,
      0.5,
      0.6666666666666666,
      0.5714285714285714,
      0.22857142857142856
    ],
    [
      1.0,
      0.5,
      0.5,
      0.5,
      0.8
    ],
    [
      1.0,
      0.6666666666666666,
      1.0,
      0.8,
      0.92
    ],
    [
      0.0,
      0.6,
      1.0,
      0.75,
      0.30000000000000004
    ],
    [
      1.0,
      1.0,
      0.25,
      0.4,
      0.76
    ],
    [
      1.0,
      1.0,
      1.0,
      1.0,
      1.0
    ],
    [
      1.0,
      1.0,
      1.0,
      1.0,
      1.0
    ],
    [
      1.0,
      0.0,
      0.0,
      0.0,
      0.6
    ],
    [
      1.0,
      1.0,
      1.0,
      1.0,
      1.0
    ],
    [
      0.0,
      1.0,
      1.0,
      1.0,
      0.4
    ],
    [
      0.0,
      0.3333333333333333,
      0.5,
      0.4,
      0.16000000000000003
    ],
    [
      0.0,
      0.3333333333333333,
      0.25,
      0.2857142857142857,
      0.11428571428571428
    ],
    [
      1.0,
      0.6666666666666666,
      1.0,
      0.8,
      0.92
    ],
    [
      1.0,
      1.0,
      1.0,
      1.0,
      1.0
    ],
    [
      1.0,
      1.0,
      1.0,
      1.0,
      1.0
    ],
    [
      1.0,
      0.75,
      1.0,
      0.8571428571428571,
      0.9428571428571428
    ],
    [
      1.0,
      0.6666666666666666,
      0.6666666666666666,
      0.6666666666666666,
      0.8666666666666667
    ],
    [
      1.0,
      1.0,
      1.0,
      1.0,
      1.0
    ],
    [
      1.0,
      1.0,
      1.0,
      1.0,
      1.0
    ],
    [
      1.0,
      1.0,
      1.0,
      1.0,
      1.0
    ],
    [
      1.0,
      0.5,
      1.0,
      0.6666666666666666,
      0.8666666666666667
    ],
    [
      1.0,
      1.0,
      0.5,
      0.6666666666666666,
      0.8666666666666667
    ],
    [
      1.0,
      0.6666666666666666,
      0.6666666666666666,
      0.6666666666666666,
      0.8666666666666667
    ],
    [
      1.0,
      1.0,
      0.6666666666666666,
      0.8,
      0.92
    ],
    [
      1.0,
      1.0,
      0.5,
      0.6666666666666666,
      0.8666666666666667
    ],
    [
      1.0,
      1.0,
      1.0,
      1.0,
      1.0
    ],
    [
      1.0,
      1.0,
      1.0,
      1.0,
      1.0
    ],
    [
      1.0,
      0.25,
      0.6666666666666666,
      0.36363636363636365,
      0.7454545454545455
    ],
    [
      1.0,
      1.0,
      0.3333333333333333,
      0.5,
      0.8
    ],
    [
      0.0,
      0.8,
      1.0,
      0.8888888888888888,
      0.35555555555555557
    ],
    [
      1.0,
      1.0,
      1.0,
      1.0,
      1.0
    ],
    [
      1.0,
      1.0,
      1.0,
      1.0,
      1.0
    ],
    [
      1.0,
      1.0,
      1.0,
      1.0,
      1.0
    ],
    [
      1.0,
      1.0,
      1.0,
      1.0,
      1.0
    ],
    [
      1.0,
      0.6666666666666666,
      1.0,
      0.8,
      0.92
    ],
    [
      1.0,
      1.0,
      1.0,
      1.0,
      1.0
    ],
    [
      0.0,
      0.0,
      0.0,
      0.0,
      0.0
    ],
    [
      1.0,
      1.0,
      1.0,
      1.0,
      1.0
    ],
    [
      1.0,
      0.0,
      0.0,
      0.0,
      0.6
    ],
    [
      1.0,
      1.0,
      1.0,
      1.0,
      1.0
    ],
    [
      1.0,
      1.0,
      1.0,
      1.0,
      1.0
    ],
    [
      0.0,
      0.6666666666666666,
      1.0,
      0.8,
      0.32000000000000006
    ],
    [
      1.0,
      1.0,
      0.5,
      0.6666666666666666,
      0.8666666666666667
    ],
    [
      1.0,
      1.0,
      1.0,
      1.0,
      1.0
    ],
    [
      1.0,
      1.0,
      0.3333333333333333,
      0.5,
      0.8
    ],
    [
      1.0,
      1.0,
      1.0,
      1.0,
      1.0
    ],
    [
      1.0,
      1.0,
      1.0,
      1.0,
      1.0
    ],
    [
      0.0,
      0.5,
      0.3333333333333333,
      0.4,
      0.16000000000000003
    ],
    [
      1.0,
      0.5,
      1.0,
      0.6666666666666666,
      0.8666666666666667
    ],
    [
      1.0,
      0.7142857142857143,
      1.0,
      0.8333333333333334,
      0.9333333333333333
    ],
    [
      0.0,
      1.0,
      0.5,
      0.6666666666666666,
      0.26666666666666666
    ],
    [
      1.0,
      0.5,
