{
  "answer_score": 0.7821782178217822,
  "precision_idx_score": 0.6896452145214521,
  "recall_idx_score": 0.7202970297029703,
  "f1_idx_score": 0.6842855714142843,
  "final_score": 0.7430211592587832,
  "agv_time": 41.760536111683656,
  "details": [
    [
      1.0,
      0.5,
      0.6666666666666666,
      0.5714285714285714,
      0.8285714285714285
    ],
    [
      1.0,
      1.0,
      1.0,
      1.0,
      1.0
    ],
    [
      1.0,
      1.0,
      1.0,
      1.0,
      1.0
    ],
    [
      1.0,
      1.0,
      1.0,
      1.0,
      1.0
    ],
    [
      1.0,
      0.0,
      0.0,
      0.0,
      0.6
    ],
    [
      0.0,
      0.0,
      0.0,
      0.0,
      0.0
    ],
    [
      1.0,
      1.0,
      1.0,
      1.0,
      1.0
    ],
    [
      1.0,
      0.5,
      0.5,
      0.5,
      0.8
    ],
    [
      0.0,
      0.0,
      0.0,
      0.0,
      0.0
    ],
    [
      0.0,
      0.6666666666666666,
      0.6666666666666666,
      0.6666666666666666,
      0.26666666666666666
    ],
    [
      1.0,
      1.0,
      1.0,
      1.0,
      1.0
    ],
    [
      0.0,
      0.5,
      0.5,
      0.5,
      0.2
    ],
    [
      1.0,
      0.0,
      0.0,
      0.0,
      0.6
    ],
    [
      0.0,
      0.0,
      0.0,
      0.0,
      0.0
    ],
    [
      0.0,
      0.6666666666666666,
      0.5,
      0.5714285714285714,
      0.22857142857142856
    ],
    [
      1.0,
      1.0,
      1.0,
      1.0,
      1.0
    ],
    [
      0.0,
      1.0,
      1.0,
      1.0,
      0.4
    ],
    [
      1.0,
      0.5,
      0.5,
      0.5,
      0.8
    ],
    [
      1.0,
      0.75,
      1.0,
      0.8571428571428571,
      0.9428571428571428
    ],
    [
      1.0,
      1.0,
      1.0,
      1.0,
      1.0
    ],
    [
      0.0,
      1.0,
      1.0,
      1.0,
      0.4
    ],
    [
      1.0,
      1.0,
      1.0,
      1.0,
      1.0
    ],
    [
      1.0,
      1.0,
      1.0,
      1.0,
      1.0
    ],
    [
      0.0,
      1.0,
      1.0,
      1.0,
      0.4
    ],
    [
      1.0,
      1.0,
      1.0,
      1.0,
      1.0
    ],
    [
      1.0,
      0.25,
      0.5,
      0.3333333333333333,
      0.7333333333333333
    ],
    [
      1.0,
      1.0,
      1.0,
      1.0,
      1.0
    ],
    [
      1.0,
      0.6666666666666666,
      0.6666666666666666,
      0.6666666666666666,
      0.8666666666666667
    ],
    [
      0.0,
      0.6666666666666666,
      0.8,
      0.7272727272727273,
      0.29090909090909095
    ],
    [
      0.0,
      0.0,
      0.0,
      0.0,
      0.0
    ],
    [
      1.0,
      1.0,
      1.0,
      1.0,
      1.0
    ],
    [
      1.0,
      1.0,
      1.0,
      1.0,
      1.0
    ],
    [
      1.0,
      1.0,
      0.5,
      0.6666666666666666,
      0.8666666666666667
    ],
    [
      1.0,
      0.0,
      0.0,
      0.0,
      0.6
    ],
    [
      1.0,
      0.5,
      0.5,
      0.5,
      0.8
    ],
    [
      1.0,
      0.5,
      1.0,
      0.6666666666666666,
      0.8666666666666667
    ],
    [
      1.0,
      1.0,
      1.0,
      1.0,
      1.0
    ],
    [
      1.0,
      0.0,
      0.0,
      0.0,
      0.6
    ],
    [
      1.0,
      0.6,
      1.0,
      0.75,
      0.9
    ],
    [
      1.0,
      1.0,
      1.0,
      1.0,
      1.0
    ],
    [
      1.0,
      1.0,
      0.3333333333333333,
      0.5,
      0.8
    ],
    [
      1.0,
      1.0,
      0.5,
      0.6666666666666666,
      0.8666666666666667
    ],
    [
      1.0,
      0.75,
      1.0,
      0.8571428571428571,
      0.9428571428571428
    ],
    [
      1.0,
      1.0,
      0.6666666666666666,
      0.8,
      0.92
    ],
    [
      1.0,
      1.0,
      0.75,
      0.8571428571428571,
      0.9428571428571428
    ],
    [
      1.0,
      1.0,
      1.0,
      1.0,
      1.0
    ],
    [
      0.0,
      1.0,
      1.0,
      1.0,
      0.4
    ],
    [
      0.0,
      0.3333333333333333,
      0.3333333333333333,
      0.3333333333333333,
      0.13333333333333333
    ],
    [
      1.0,
      0.25,
      0.5,
      0.3333333333333333,
      0.7333333333333333
    ],
    [
      1.0,
      0.2,
      0.5,
      0.2857142857142857,
      0.7142857142857143
    ],
    [
      0.0,
      0.3333333333333333,
      0.3333333333333333,
      0.3333333333333333,
      0.13333333333333333
    ],
    [
      1.0,
      1.0,
      0.25,
      0.4,
      0.76
    ],
    [
      0.0,
      0.0,
      0.0,
      0.0,
      0.0
    ],
    [
      1.0,
      1.0,
      1.0,
      1.0,
      1.0
    ],
    [
      1.0,
      0.0,
      0.0,
      0.0,
      0.6
    ],
    [
      1.0,
      1.0,
      1.0,
      1.0,
      1.0
    ],
    [
      1.0,
      1.0,
      1.0,
      1.0,
      1.0
    ],
    [
      0.0,
      0.0,
      0.0,
      0.0,
      0.0
    ],
    [
      0.0,
      0.4,
      0.5,
      0.4444444444444444,
      0.17777777777777778
    ],
    [
      1.0,
      0.6666666666666666,
      1.0,
      0.8,
      0.92
    ],
    [
      1.0,
      1.0,
      1.0,
      1.0,
      1.0
    ],
    [
      1.0,
      1.0,
      1.0,
      1.0,
      1.0
    ],
    [
      1.0,
      0.75,
      1.0,
      0.8571428571428571,
      0.9428571428571428
    ],
    [
      1.0,
      1.0,
      1.0,
      1.0,
      1.0
    ],
    [
      1.0,
      1.0,
      1.0,
      1.0,
      1.0
    ],
    [
      1.0,
      1.0,
      1.0,
      1.0,
      1.0
    ],
    [
      1.0,
      1.0,
      1.0,
      1.0,
      1.0
    ],
    [
      1.0,
      0.5,
      1.0,
      0.6666666666666666,
      0.8666666666666667
    ],
    [
      1.0,
      1.0,
      1.0,
      1.0,
      1.0
    ],
    [
      0.0,
      0.2,
      0.3333333333333333,
      0.25,
      0.1
    ],
    [
      0.0,
      0.0,
      0.0,
      0.0,
      0.0
    ],
    [
      1.0,
      1.0,
      0.5,
      0.6666666666666666,
      0.8666666666666667
    ],
    [
      1.0,
      1.0,
      1.0,
      1.0,
      1.0
    ],
    [
      1.0,
      0.6666666666666666,
      1.0,
      0.8,
      0.92
    ],
    [
      1.0,
      0.14285714285714285,
      0.3333333333333333,
      0.2,
      0.6799999999999999
    ],
    [
      1.0,
      1.0,
      0.6666666666666666,
      0.8,
      0.92
    ],
    [
      0.0,
      0.0,
      0.0,
      0.0,
      0.0
    ],
    [
      1.0,
      1.0,
      1.0,
      1.0,
      1.0
    ],
    [
      1.0,
      1.0,
      0.6666666666666666,
      0.8,
      0.92
    ],
    [
      1.0,
      1.0,
      1.0,
      1.0,
      1.0
    ],
    [
      1.0,
      1.0,
      1.0,
      1.0,
      1.0
    ],
    [
      1.0,
      1.0,
      1.0,
      1.0,
      1.0
    ],
    [
      1.0,
      1.0,
      1.0,
      1.0,
      1.0
    ],
    [
      0.0,
      0.0,
      0.0,
      0.0,
      0.0
    ],
    [
      1.0,
      1.0,
      1.0,
      1.0,
      1.0
    ],
    [
      1.0,
      0.0,
      0.0,
      0.0,
      0.6
    ],
    [
      1.0,
      1.0,
      1.0,
      1.0,
      1.0
    ],
    [
      1.0,
      1.0,
      1.0,
      1.0,
      1.0
    ],
    [
      0.0,
      0.6666666666666666,
      1.0,
      0.8,
      0.32000000000000006
    ],
    [
      1.0,
      1.0,
      1.0,
      1.0,
      1.0
    ],
    [
      1.0,
      0.6,
      1.0,
      0.75,
      0.9
    ],
    [
      1.0,
      1.0,
      0.6666666666666666,
      0.8,
      0.92
    ],
    [
      1.0,
      0.5,
      1.0,
      0.6666666666666666,
      0.8666666666666667
    ],
    [
      1.0,
      1.0,
      1.0,
      1.0,
      1.0
    ],
    [
      1.0,
      1.0,
      0.6666666666666666,
      0.8,
      0.92
    ],
    [
      1.0,
      0.5,
      0.6666666666666666,
      0.5714285714285714,
      0.8285714285714285
    ],
    [
      0.0,
      1.0,
      0.8,
      0.8888888888888888,
      0.35555555555555557
    ],
    [
      1.0,
      1.0,
      0.5,
      0.6666666666666666,
      0.8666666666666667
    ],
    [
      1.0,
      0.5,
      1.0,
