{
  "answer_score": 0.4,
  "precision_idx_score": 0.5274285714285715,
  "recall_idx_score": 0.5809523809523809,
  "f1_idx_score": 0.4879612979612979,
  "final_score": 0.43518451918451917,
  "agv_time": 58.27216320293567,
  "details": [
    [
      0.0,
      0.5,
      0.5,
      0.5,
      0.2
    ],
    [
      0.0,
      0.04,
      1.0,
      0.07692307692307693,
      0.03076923076923077
    ],
    [
      0.0,
      0.42857142857142855,
      1.0,
      0.6,
      0.24
    ],
    [
      0.0,
      0.0,
      0.0,
      0.0,
      0.0
    ],
    [
      0.0,
      0.5714285714285714,
      0.8,
      0.6666666666666666,
      0.26666666666666666
    ],
    [
      1.0,
      0.5,
      0.5,
      0.5,
      0.8
    ],
    [
      1.0,
      0.4,
      0.5,
      0.4444444444444444,
      0.7777777777777778
    ],
    [
      1.0,
      1.0,
      0.7142857142857143,
      0.8333333333333334,
      0.9333333333333333
    ],
    [
      0.0,
      0.4,
      0.3333333333333333,
      0.36363636363636365,
      0.14545454545454548
    ],
    [
      0.0,
      0.5714285714285714,
      1.0,
      0.7272727272727273,
      0.29090909090909095
    ],
    [
      1.0,
      0.75,
      0.5,
      0.6,
      0.84
    ],
    [
      1.0,
      0.5,
      0.6666666666666666,
      0.5714285714285714,
      0.8285714285714285
    ],
    [
      0.0,
      0.75,
      0.75,
      0.75,
      0.30000000000000004
    ],
    [
      0.0,
      1.0,
      0.25,
      0.4,
      0.16000000000000003
    ],
    [
      1.0,
      0.5,
      0.2,
      0.2857142857142857,
      0.7142857142857143
    ]
  ]
}