{
  "answer_score": 0.26666666666666666,
  "precision_idx_score": 0.5233333333333333,
  "recall_idx_score": 0.4436507936507937,
  "f1_idx_score": 0.4495670995670995,
  "final_score": 0.33982683982683987,
  "agv_time": 46.54042610880376,
  "details": [
    [
      1.0,
      0.42857142857142855,
      0.75,
      0.5454545454545454,
      0.8181818181818181
    ],
    [
      0.0,
      0.5,
      0.5,
      0.5,
      0.2
    ],
    [
      1.0,
      0.2,
      0.3333333333333333,
      0.25,
      0.7
    ],
    [
      0.0,
      0.0,
      0.0,
      0.0,
      0.0
    ],
    [
      0.0,
      0.5714285714285714,
      0.8,
      0.6666666666666666,
      0.26666666666666666
    ],
    [
      0.0,
      0.5,
      0.5,
      0.5,
      0.2
    ],
    [
      1.0,
      0.5,
      0.5,
      0.5,
      0.8
    ],
    [
      1.0,
      1.0,
      0.5714285714285714,
      0.7272727272727273,
      0.8909090909090909
    ],
    [
      0.0,
      0.4,
      0.3333333333333333,
      0.36363636363636365,
      0.14545454545454548
    ],
    [
      0.0,
      0.5,
      0.25,
      0.3333333333333333,
      0.13333333333333333
    ],
    [
      0.0,
      0.75,
      0.5,
      0.6,
      0.24
    ],
    [
      0.0,
      0.5,
      0.6666666666666666,
      0.5714285714285714,
      0.22857142857142856
    ],
    [
      0.0,
      0.5,
      0.5,
      0.5,
      0.2
    ],
    [
      0.0,
      1.0,
      0.25,
      0.4,
      0.16000000000000003
    ],
    [
      0.0,
      0.5,
      0.2,
      0.2857142857142857,
      0.11428571428571428
    ]
  ]
}