{
  "answer_score": 0.13333333333333333,
  "precision_idx_score": 0.7585714285714286,
  "recall_idx_score": 0.7465079365079366,
  "f1_idx_score": 0.7125637325637325,
  "final_score": 0.365025493025493,
  "agv_time": 62.898079574329316,
  "details": [
    [
      0.0,
      0.8,
      1.0,
      0.8888888888888888,
      0.35555555555555557
    ],
    [
      0.0,
      1.0,
      0.5,
      0.6666666666666666,
      0.26666666666666666
    ],
    [
      0.0,
      0.42857142857142855,
      1.0,
      0.6,
      0.24
    ],
    [
      0.0,
      0.8,
      1.0,
      0.8888888888888888,
      0.35555555555555557
    ],
    [
      1.0,
      0.5,
      0.4,
      0.4444444444444444,
      0.7777777777777778
    ],
    [
      0.0,
      1.0,
      0.75,
      0.8571428571428571,
      0.34285714285714286
    ],
    [
      0.0,
      1.0,
      1.0,
      1.0,
      0.4
    ],
    [
      0.0,
      1.0,
      0.7142857142857143,
      0.8333333333333334,
      0.33333333333333337
    ],
    [
      0.0,
      0.6,
      1.0,
      0.75,
      0.30000000000000004
    ],
    [
      0.0,
      0.5,
      0.5,
      0.5,
      0.2
    ],
    [
      0.0,
      0.6666666666666666,
      1.0,
      0.8,
      0.32000000000000006
    ],
    [
      0.0,
      0.5,
      0.3333333333333333,
      0.4,
      0.16000000000000003
    ],
    [
      0.0,
      0.75,
      0.75,
      0.75,
      0.30000000000000004
    ],
    [
      1.0,
      1.0,
      0.25,
      0.4,
      0.76
    ],
    [
      0.0,
      0.8333333333333334,
      1.0,
      0.9090909090909091,
      0.36363636363636365
    ]
  ]
}