{
  "answer_score": 0.8682170542635659,
  "precision_idx_score": 0.716993858854324,
  "recall_idx_score": 0.7021810015996063,
  "f1_idx_score": 0.6914122483889926,
  "final_score": 0.7974951319137366,
  "agv_time": 40.50786090798472,
  "details": [
    [
      1.0,
      1.0,
      1.0,
      1.0,
      1.0
    ],
    [
      1.0,
      1.0,
      1.0,
      1.0,
      1.0
    ],
    [
      1.0,
      1.0,
      0.75,
      0.8571428571428571,
      0.9428571428571428
    ],
    [
      1.0,
      1.0,
      0.6666666666666666,
      0.8,
      0.92
    ],
    [
      1.0,
      0.0,
      0.0,
      0.0,
      0.6
    ],
    [
      1.0,
      1.0,
      0.5,
      0.6666666666666666,
      0.8666666666666667
    ],
    [
      1.0,
      0.6,
      1.0,
      0.75,
      0.9
    ],
    [
      1.0,
      1.0,
      1.0,
      1.0,
      1.0
    ],
    [
      1.0,
      1.0,
      1.0,
      1.0,
      1.0
    ],
    [
      1.0,
      0.2,
      0.5,
      0.2857142857142857,
      0.7142857142857143
    ],
    [
      1.0,
      0.5,
      0.5,
      0.5,
      0.8
    ],
    [
      1.0,
      0.5,
      1.0,
      0.6666666666666666,
      0.8666666666666667
    ],
    [
      1.0,
      0.0,
      0.0,
      0.0,
      0.6
    ],
    [
      1.0,
      1.0,
      1.0,
      1.0,
      1.0
    ],
    [
      1.0,
      0.6,
      1.0,
      0.75,
      0.9
    ],
    [
      0.0,
      0.0,
      0.0,
      0.0,
      0.0
    ],
    [
      1.0,
      1.0,
      0.5,
      0.6666666666666666,
      0.8666666666666667
    ],
    [
      1.0,
      1.0,
      0.6,
      0.75,
      0.9
    ],
    [
      1.0,
      1.0,
      1.0,
      1.0,
      1.0
    ],
    [
      1.0,
      1.0,
      0.75,
      0.8571428571428571,
      0.9428571428571428
    ],
    [
      0.0,
      0.0,
      0.0,
      0.0,
      0.0
    ],
    [
      1.0,
      1.0,
      1.0,
      1.0,
      1.0
    ],
    [
      1.0,
      0.0,
      0.0,
      0.0,
      0.6
    ],
    [
      1.0,
      1.0,
      1.0,
      1.0,
      1.0
    ],
    [
      1.0,
      1.0,
      1.0,
      1.0,
      1.0
    ],
    [
      1.0,
      0.3333333333333333,
      0.5,
      0.4,
      0.76
    ],
    [
      1.0,
      0.2857142857142857,
      1.0,
      0.4444444444444444,
      0.7777777777777778
    ],
    [
      1.0,
      1.0,
      1.0,
      1.0,
      1.0
    ],
    [
      0.0,
      0.0,
      0.0,
      0.0,
      0.0
    ],
    [
      1.0,
      1.0,
      1.0,
      1.0,
      1.0
    ],
    [
      0.0,
      0.0,
      0.0,
      0.0,
      0.0
    ],
    [
      1.0,
      0.8,
      1.0,
      0.8888888888888888,
      0.9555555555555555
    ],
    [
      1.0,
      1.0,
      0.5,
      0.6666666666666666,
      0.8666666666666667
    ],
    [
      1.0,
      1.0,
      1.0,
      1.0,
      1.0
    ],
    [
      1.0,
      1.0,
      1.0,
      1.0,
      1.0
    ],
    [
      1.0,
      0.3333333333333333,
      0.5,
      0.4,
      0.76
    ],
    [
      1.0,
      0.5,
      1.0,
      0.6666666666666666,
      0.8666666666666667
    ],
    [
      0.0,
      0.5,
      1.0,
      0.6666666666666666,
      0.26666666666666666
    ],
    [
      0.0,
      0.0,
      0.0,
      0.0,
      0.0
    ],
    [
      1.0,
      1.0,
      1.0,
      1.0,
      1.0
    ],
    [
      1.0,
      0.0,
      0.0,
      0.0,
      0.6
    ],
    [
      1.0,
      1.0,
      1.0,
      1.0,
      1.0
    ],
    [
      1.0,
      1.0,
      1.0,
      1.0,
      1.0
    ],
    [
      1.0,
      1.0,
      1.0,
      1.0,
      1.0
    ],
    [
      1.0,
      1.0,
      1.0,
      1.0,
      1.0
    ],
    [
      1.0,
      1.0,
      1.0,
      1.0,
      1.0
    ],
    [
      1.0,
      1.0,
      1.0,
      1.0,
      1.0
    ],
    [
      1.0,
      1.0,
      0.5,
      0.6666666666666666,
      0.8666666666666667
    ],
    [
      1.0,
      1.0,
      1.0,
      1.0,
      1.0
    ],
    [
      1.0,
      1.0,
      1.0,
      1.0,
      1.0
    ],
    [
      1.0,
      0.5,
      0.5,
      0.5,
      0.8
    ],
    [
      1.0,
      1.0,
      1.0,
      1.0,
      1.0
    ],
    [
      0.0,
      0.0,
      0.0,
      0.0,
      0.0
    ],
    [
      1.0,
      1.0,
      1.0,
      1.0,
      1.0
    ],
    [
      1.0,
      1.0,
      1.0,
      1.0,
      1.0
    ],
    [
      1.0,
      0.3333333333333333,
      1.0,
      0.5,
      0.8
    ],
    [
      1.0,
      1.0,
      1.0,
      1.0,
      1.0
    ],
    [
      1.0,
      0.0,
      0.0,
      0.0,
      0.6
    ],
    [
      1.0,
      1.0,
      1.0,
      1.0,
      1.0
    ],
    [
      1.0,
      0.0,
      0.0,
      0.0,
      0.6
    ],
    [
      1.0,
      1.0,
      1.0,
      1.0,
      1.0
    ],
    [
      1.0,
      1.0,
      0.5,
      0.6666666666666666,
      0.8666666666666667
    ],
    [
      1.0,
      1.0,
      1.0,
      1.0,
      1.0
    ],
    [
      1.0,
      1.0,
      0.6666666666666666,
      0.8,
      0.92
    ],
    [
      0.0,
      0.0,
      0.0,
      0.0,
      0.0
    ],
    [
      0.0,
      0.0,
      0.0,
      0.0,
      0.0
    ],
    [
      1.0,
      1.0,
      1.0,
      1.0,
      1.0
    ],
    [
      0.0,
      0.0,
      0.0,
      0.0,
      0.0
    ],
    [
      1.0,
      0.75,
      1.0,
      0.8571428571428571,
      0.9428571428571428
    ],
    [
      1.0,
      0.5454545454545454,
      0.8571428571428571,
      0.6666666666666666,
      0.8666666666666667
    ],
    [
      1.0,
      1.0,
      1.0,
      1.0,
      1.0
    ],
    [
      1.0,
      0.5,
      1.0,
      0.6666666666666666,
      0.8666666666666667
    ],
    [
      1.0,
      1.0,
      1.0,
      1.0,
      1.0
    ],
    [
      0.0,
      0.8333333333333334,
      1.0,
      0.9090909090909091,
      0.36363636363636365
    ],
    [
      1.0,
      1.0,
      1.0,
      1.0,
      1.0
    ],
    [
      0.0,
      1.0,
      0.6666666666666666,
      0.8,
      0.32000000000000006
    ],
    [
      0.0,
      0.0,
      0.0,
      0.0,
      0.0
    ],
    [
      1.0,
      1.0,
      1.0,
      1.0,
      1.0
    ],
    [
      1.0,
      1.0,
      1.0,
      1.0,
      1.0
    ],
    [
      1.0,
      0.5,
      0.6666666666666666,
      0.5714285714285714,
      0.8285714285714285
    ],
    [
      1.0,
      1.0,
      1.0,
      1.0,
      1.0
    ],
    [
      1.0,
      1.0,
      1.0,
      1.0,
      1.0
    ],
    [
      1.0,
      1.0,
      1.0,
      1.0,
      1.0
    ],
    [
      1.0,
      1.0,
      0.3333333333333333,
      0.5,
      0.8
    ],
    [
      1.0,
      1.0,
      1.0,
      1.0,
      1.0
    ],
    [
      0.0,
      0.0,
      0.0,
      0.0,
      0.0
    ],
    [
      1.0,
      0.6666666666666666,
      1.0,
      0.8,
      0.92
    ],
    [
      1.0,
      1.0,
      1.0,
      1.0,
      1.0
    ],
    [
      1.0,
      0.0,
      0.0,
      0.0,
      0.6
    ],
    [
      0.0,
      0.0,
      0.0,
      0.0,
      0.0
    ],
    [
      1.0,
      0.5,
      0.5,
      0.5,
      0.8
    ],
    [
      1.0,
      1.0,
      1.0,
      1.0,
      1.0
    ],
    [
      1.0,
      0.8333333333333334,
      0.8333333333333334,
      0.8333333333333334,
      0.9333333333333333
    ],
    [
      1.0,
      0.5,
      0.6666666666666666,
      0.5714285714285714,
      0.8285714285714285
    ],
    [
      1.0,
      0.5,
      1.0,
      0.6666666666666666,
      0.8666666666666667
    ],
    [
      1.0,
      1.0,
      1.0,
      1.0,
      1.0
    ],
    [
      1.0,
      1.0,
      0.5,
      0.6666666666666666,
      0.8666666666666667
    ],
    [
      0.0,
      0.0,
      0.0,
      0.0,
      0.0
    ],
    [
      1.0,
      0.3333333333333333,
      0.5,
      0.4,
      0.76
    ],
    [
      1.0,
      1.0,
      0.5,
      0.6666666666666666,
      0.8666666666666667
    ],
    [
      1.0,
      1.0,
      1.0,
      1.0,
      1.0
    ],
    [
