{
  "answer_score": 0.8565891472868217,
  "precision_idx_score": 0.6804758548944596,
  "recall_idx_score": 0.6585778885197491,
  "f1_idx_score": 0.6517670529298436,
  "final_score": 0.7746603095440305,
  "agv_time": 17.125447448264527,
  "details": [
    [
      1.0,
      0.0,
      0.0,
      0.0,
      0.6
    ],
    [
      1.0,
      1.0,
      1.0,
      1.0,
      1.0
    ],
    [
      1.0,
      1.0,
      0.625,
      0.7692307692307693,
      0.9076923076923077
    ],
    [
      1.0,
      1.0,
      0.6666666666666666,
      0.8,
      0.92
    ],
    [
      1.0,
      0.0,
      0.0,
      0.0,
      0.6
    ],
    [
      1.0,
      1.0,
      0.5,
      0.6666666666666666,
      0.8666666666666667
    ],
    [
      1.0,
      0.6,
      1.0,
      0.75,
      0.9
    ],
    [
      1.0,
      1.0,
      1.0,
      1.0,
      1.0
    ],
    [
      1.0,
      1.0,
      1.0,
      1.0,
      1.0
    ],
    [
      1.0,
      0.5,
      0.5,
      0.5,
      0.8
    ],
    [
      1.0,
      0.5,
      0.5,
      0.5,
      0.8
    ],
    [
      1.0,
      0.5,
      1.0,
      0.6666666666666666,
      0.8666666666666667
    ],
    [
      1.0,
      0.0,
      0.0,
      0.0,
      0.6
    ],
    [
      1.0,
      0.4,
      1.0,
      0.5714285714285714,
      0.8285714285714285
    ],
    [
      1.0,
      0.6,
      1.0,
      0.75,
      0.9
    ],
    [
      0.0,
      0.0,
      0.0,
      0.0,
      0.0
    ],
    [
      1.0,
      1.0,
      0.5,
      0.6666666666666666,
      0.8666666666666667
    ],
    [
      1.0,
      1.0,
      0.65,
      0.7878787878787878,
      0.9151515151515152
    ],
    [
      1.0,
      1.0,
      1.0,
      1.0,
      1.0
    ],
    [
      1.0,
      1.0,
      0.75,
      0.8571428571428571,
      0.9428571428571428
    ],
    [
      0.0,
      0.0,
      0.0,
      0.0,
      0.0
    ],
    [
      1.0,
      1.0,
      1.0,
      1.0,
      1.0
    ],
    [
      1.0,
      0.0,
      0.0,
      0.0,
      0.6
    ],
    [
      1.0,
      1.0,
      1.0,
      1.0,
      1.0
    ],
    [
      1.0,
      1.0,
      1.0,
      1.0,
      1.0
    ],
    [
      1.0,
      0.5,
      1.0,
      0.6666666666666666,
      0.8666666666666667
    ],
    [
      1.0,
      0.3333333333333333,
      0.5,
      0.4,
      0.76
    ],
    [
      1.0,
      1.0,
      1.0,
      1.0,
      1.0
    ],
    [
      0.0,
      0.0,
      0.0,
      0.0,
      0.0
    ],
    [
      1.0,
      1.0,
      1.0,
      1.0,
      1.0
    ],
    [
      0.0,
      0.0,
      0.0,
      0.0,
      0.0
    ],
    [
      1.0,
      1.0,
      1.0,
      1.0,
      1.0
    ],
    [
      1.0,
      1.0,
      0.5,
      0.6666666666666666,
      0.8666666666666667
    ],
    [
      1.0,
      1.0,
      1.0,
      1.0,
      1.0
    ],
    [
      1.0,
      1.0,
      1.0,
      1.0,
      1.0
    ],
    [
      1.0,
      0.3333333333333333,
      0.5,
      0.4,
      0.76
    ],
    [
      1.0,
      0.5,
      1.0,
      0.6666666666666666,
      0.8666666666666667
    ],
    [
      0.0,
      0.5,
      1.0,
      0.6666666666666666,
      0.26666666666666666
    ],
    [
      0.0,
      0.0,
      0.0,
      0.0,
      0.0
    ],
    [
      1.0,
      1.0,
      1.0,
      1.0,
      1.0
    ],
    [
      1.0,
      0.0,
      0.0,
      0.0,
      0.6
    ],
    [
      1.0,
      1.0,
      0.6666666666666666,
      0.8,
      0.92
    ],
    [
      1.0,
      1.0,
      1.0,
      1.0,
      1.0
    ],
    [
      1.0,
      1.0,
      1.0,
      1.0,
      1.0
    ],
    [
      1.0,
      1.0,
      1.0,
      1.0,
      1.0
    ],
    [
      1.0,
      1.0,
      1.0,
      1.0,
      1.0
    ],
    [
      1.0,
      1.0,
      1.0,
      1.0,
      1.0
    ],
    [
      1.0,
      1.0,
      0.5,
      0.6666666666666666,
      0.8666666666666667
    ],
    [
      0.0,
      0.0,
      0.0,
      0.0,
      0.0
    ],
    [
      1.0,
      1.0,
      1.0,
      1.0,
      1.0
    ],
    [
      1.0,
      0.5,
      0.5,
      0.5,
      0.8
    ],
    [
      1.0,
      1.0,
      1.0,
      1.0,
      1.0
    ],
    [
      0.0,
      0.0,
      0.0,
      0.0,
      0.0
    ],
    [
      1.0,
      1.0,
      1.0,
      1.0,
      1.0
    ],
    [
      1.0,
      1.0,
      1.0,
      1.0,
      1.0
    ],
    [
      0.0,
      0.0,
      0.0,
      0.0,
      0.0
    ],
    [
      1.0,
      1.0,
      1.0,
      1.0,
      1.0
    ],
    [
      1.0,
      0.0,
      0.0,
      0.0,
      0.6
    ],
    [
      1.0,
      1.0,
      1.0,
      1.0,
      1.0
    ],
    [
      1.0,
      0.0,
      0.0,
      0.0,
      0.6
    ],
    [
      1.0,
      1.0,
      1.0,
      1.0,
      1.0
    ],
    [
      1.0,
      1.0,
      0.5,
      0.6666666666666666,
      0.8666666666666667
    ],
    [
      1.0,
      1.0,
      1.0,
      1.0,
      1.0
    ],
    [
      1.0,
      1.0,
      0.6666666666666666,
      0.8,
      0.92
    ],
    [
      1.0,
      0.16666666666666666,
      0.3333333333333333,
      0.2222222222222222,
      0.6888888888888889
    ],
    [
      0.0,
      0.0,
      0.0,
      0.0,
      0.0
    ],
    [
      1.0,
      1.0,
      0.5,
      0.6666666666666666,
      0.8666666666666667
    ],
    [
      0.0,
      0.0,
      0.0,
      0.0,
      0.0
    ],
    [
      1.0,
      0.5,
      0.6666666666666666,
      0.5714285714285714,
      0.8285714285714285
    ],
    [
      1.0,
      0.5714285714285714,
      0.5714285714285714,
      0.5714285714285714,
      0.8285714285714285
    ],
    [
      1.0,
      1.0,
      1.0,
      1.0,
      1.0
    ],
    [
      1.0,
      1.0,
      1.0,
      1.0,
      1.0
    ],
    [
      1.0,
      1.0,
      1.0,
      1.0,
      1.0
    ],
    [
      0.0,
      0.6666666666666666,
      0.8,
      0.7272727272727273,
      0.29090909090909095
    ],
    [
      1.0,
      1.0,
      1.0,
      1.0,
      1.0
    ],
    [
      0.0,
      1.0,
      0.6666666666666666,
      0.8,
      0.32000000000000006
    ],
    [
      0.0,
      0.0,
      0.0,
      0.0,
      0.0
    ],
    [
      1.0,
      1.0,
      1.0,
      1.0,
      1.0
    ],
    [
      1.0,
      1.0,
      1.0,
      1.0,
      1.0
    ],
    [
      1.0,
      0.5,
      0.6666666666666666,
      0.5714285714285714,
      0.8285714285714285
    ],
    [
      1.0,
      1.0,
      1.0,
      1.0,
      1.0
    ],
    [
      1.0,
      0.0,
      0.0,
      0.0,
      0.6
    ],
    [
      1.0,
      1.0,
      1.0,
      1.0,
      1.0
    ],
    [
      1.0,
      1.0,
      0.6666666666666666,
      0.8,
      0.92
    ],
    [
      1.0,
      0.5714285714285714,
      1.0,
      0.7272727272727273,
      0.8909090909090909
    ],
    [
      1.0,
      0.3333333333333333,
      1.0,
      0.5,
      0.8
    ],
    [
      1.0,
      1.0,
      1.0,
      1.0,
      1.0
    ],
    [
      1.0,
      1.0,
      1.0,
      1.0,
      1.0
    ],
    [
      1.0,
      0.0,
      0.0,
      0.0,
      0.6
    ],
    [
      0.0,
      0.0,
      0.0,
      0.0,
      0.0
    ],
    [
      1.0,
      0.5,
      0.5,
      0.5,
      0.8
    ],
    [
      1.0,
      1.0,
      1.0,
      1.0,
      1.0
    ],
    [
      1.0,
      0.8333333333333334,
      0.8333333333333334,
      0.8333333333333334,
      0.9333333333333333
    ],
    [
      1.0,
      0.5,
      0.6666666666666666,
      0.5714285714285714,
      0.8285714285714285
    ],
    [
      1.0,
      0.0,
      0.0,
      0.0,
      0.6
    ],
    [
      1.0,
      1.0,
      0.6666666666666666,
      0.8,
      0.92
    ],
    [
      0.0,
      0.0,
      0.0,
      0.0,
      0.0
    ],
    [
      0.0,
      0.0,
      0.0,
      0.0,
      0.0
    ],
    [
      1.0,
      0.3333333333333333,
      0.5,
      0.4,
      0.76
    ],
    [
      1.0,
      1.0,
      0.5,
      0.6666666666666666,
      0.8666666666666667
    ],
    [
